-- --------------------------------------------------------
-- 호스트:                          127.0.0.1
-- 서버 버전:                        10.10.2-MariaDB - mariadb.org binary distribution
-- 서버 OS:                        Win64
-- HeidiSQL 버전:                  11.3.0.6295
-- --------------------------------------------------------

/*!40101 SET @OLD_CHARACTER_SET_CLIENT=@@CHARACTER_SET_CLIENT */;
/*!40101 SET NAMES utf8 */;
/*!50503 SET NAMES utf8mb4 */;
/*!40014 SET @OLD_FOREIGN_KEY_CHECKS=@@FOREIGN_KEY_CHECKS, FOREIGN_KEY_CHECKS=0 */;
/*!40101 SET @OLD_SQL_MODE=@@SQL_MODE, SQL_MODE='NO_AUTO_VALUE_ON_ZERO' */;
/*!40111 SET @OLD_SQL_NOTES=@@SQL_NOTES, SQL_NOTES=0 */;


-- information_schema 데이터베이스 구조 내보내기
DROP DATABASE IF EXISTS `information_schema`;

-- information_schema 데이터베이스 구조 내보내기
DROP DATABASE IF EXISTS `information_schema`;

-- information_schema 데이터베이스 구조 내보내기
DROP DATABASE IF EXISTS `information_schema`;

-- information_schema 데이터베이스 구조 내보내기
DROP DATABASE IF EXISTS `information_schema`;

-- information_schema 데이터베이스 구조 내보내기
DROP DATABASE IF EXISTS `information_schema`;

-- information_schema 데이터베이스 구조 내보내기
DROP DATABASE IF EXISTS `information_schema`;

-- information_schema 데이터베이스 구조 내보내기
DROP DATABASE IF EXISTS `information_schema`;

-- information_schema 데이터베이스 구조 내보내기
DROP DATABASE IF EXISTS `information_schema`;

-- information_schema 데이터베이스 구조 내보내기
DROP DATABASE IF EXISTS `information_schema`;

-- information_schema 데이터베이스 구조 내보내기
DROP DATABASE IF EXISTS `information_schema`;

-- information_schema 데이터베이스 구조 내보내기
DROP DATABASE IF EXISTS `information_schema`;

-- information_schema 데이터베이스 구조 내보내기
DROP DATABASE IF EXISTS `information_schema`;

-- information_schema 데이터베이스 구조 내보내기
DROP DATABASE IF EXISTS `information_schema`;

-- information_schema 데이터베이스 구조 내보내기
DROP DATABASE IF EXISTS `information_schema`;

-- information_schema 데이터베이스 구조 내보내기
DROP DATABASE IF EXISTS `information_schema`;

-- information_schema 데이터베이스 구조 내보내기
DROP DATABASE IF EXISTS `information_schema`;

-- information_schema 데이터베이스 구조 내보내기
DROP DATABASE IF EXISTS `information_schema`;

-- information_schema 데이터베이스 구조 내보내기
DROP DATABASE IF EXISTS `information_schema`;

-- information_schema 데이터베이스 구조 내보내기
DROP DATABASE IF EXISTS `information_schema`;

-- information_schema 데이터베이스 구조 내보내기
DROP DATABASE IF EXISTS `information_schema`;

-- information_schema 데이터베이스 구조 내보내기
DROP DATABASE IF EXISTS `information_schema`;

-- information_schema 데이터베이스 구조 내보내기
DROP DATABASE IF EXISTS `information_schema`;

-- information_schema 데이터베이스 구조 내보내기
DROP DATABASE IF EXISTS `information_schema`;

-- information_schema 데이터베이스 구조 내보내기
DROP DATABASE IF EXISTS `information_schema`;

-- information_schema 데이터베이스 구조 내보내기
DROP DATABASE IF EXISTS `information_schema`;

-- information_schema 데이터베이스 구조 내보내기
DROP DATABASE IF EXISTS `information_schema`;

-- information_schema 데이터베이스 구조 내보내기
DROP DATABASE IF EXISTS `information_schema`;

-- information_schema 데이터베이스 구조 내보내기
DROP DATABASE IF EXISTS `information_schema`;

-- information_schema 데이터베이스 구조 내보내기
DROP DATABASE IF EXISTS `information_schema`;

-- information_schema 데이터베이스 구조 내보내기
DROP DATABASE IF EXISTS `information_schema`;

-- information_schema 데이터베이스 구조 내보내기
DROP DATABASE IF EXISTS `information_schema`;

-- information_schema 데이터베이스 구조 내보내기
DROP DATABASE IF EXISTS `information_schema`;

-- information_schema 데이터베이스 구조 내보내기
DROP DATABASE IF EXISTS `information_schema`;

-- information_schema 데이터베이스 구조 내보내기
DROP DATABASE IF EXISTS `information_schema`;

-- information_schema 데이터베이스 구조 내보내기
DROP DATABASE IF EXISTS `information_schema`;

-- information_schema 데이터베이스 구조 내보내기
DROP DATABASE IF EXISTS `information_schema`;

-- information_schema 데이터베이스 구조 내보내기
DROP DATABASE IF EXISTS `information_schema`;

-- information_schema 데이터베이스 구조 내보내기
DROP DATABASE IF EXISTS `information_schema`;

-- information_schema 데이터베이스 구조 내보내기
DROP DATABASE IF EXISTS `information_schema`;

-- information_schema 데이터베이스 구조 내보내기
DROP DATABASE IF EXISTS `information_schema`;

-- information_schema 데이터베이스 구조 내보내기
DROP DATABASE IF EXISTS `information_schema`;

-- information_schema 데이터베이스 구조 내보내기
DROP DATABASE IF EXISTS `information_schema`;

-- information_schema 데이터베이스 구조 내보내기
DROP DATABASE IF EXISTS `information_schema`;

-- information_schema 데이터베이스 구조 내보내기
DROP DATABASE IF EXISTS `information_schema`;

-- information_schema 데이터베이스 구조 내보내기
DROP DATABASE IF EXISTS `information_schema`;

-- information_schema 데이터베이스 구조 내보내기
DROP DATABASE IF EXISTS `information_schema`;

-- information_schema 데이터베이스 구조 내보내기
DROP DATABASE IF EXISTS `information_schema`;

-- information_schema 데이터베이스 구조 내보내기
DROP DATABASE IF EXISTS `information_schema`;

-- information_schema 데이터베이스 구조 내보내기
DROP DATABASE IF EXISTS `information_schema`;

-- information_schema 데이터베이스 구조 내보내기
DROP DATABASE IF EXISTS `information_schema`;

-- information_schema 데이터베이스 구조 내보내기
DROP DATABASE IF EXISTS `information_schema`;

-- information_schema 데이터베이스 구조 내보내기
DROP DATABASE IF EXISTS `information_schema`;

-- information_schema 데이터베이스 구조 내보내기
DROP DATABASE IF EXISTS `information_schema`;

-- information_schema 데이터베이스 구조 내보내기
DROP DATABASE IF EXISTS `information_schema`;

-- information_schema 데이터베이스 구조 내보내기
DROP DATABASE IF EXISTS `information_schema`;

-- information_schema 데이터베이스 구조 내보내기
DROP DATABASE IF EXISTS `information_schema`;

-- information_schema 데이터베이스 구조 내보내기
DROP DATABASE IF EXISTS `information_schema`;

-- information_schema 데이터베이스 구조 내보내기
DROP DATABASE IF EXISTS `information_schema`;

-- information_schema 데이터베이스 구조 내보내기
DROP DATABASE IF EXISTS `information_schema`;

-- information_schema 데이터베이스 구조 내보내기
DROP DATABASE IF EXISTS `information_schema`;

-- information_schema 데이터베이스 구조 내보내기
DROP DATABASE IF EXISTS `information_schema`;

-- information_schema 데이터베이스 구조 내보내기
DROP DATABASE IF EXISTS `information_schema`;

-- information_schema 데이터베이스 구조 내보내기
DROP DATABASE IF EXISTS `information_schema`;

-- information_schema 데이터베이스 구조 내보내기
DROP DATABASE IF EXISTS `information_schema`;

-- information_schema 데이터베이스 구조 내보내기
DROP DATABASE IF EXISTS `information_schema`;

-- information_schema 데이터베이스 구조 내보내기
DROP DATABASE IF EXISTS `information_schema`;

-- information_schema 데이터베이스 구조 내보내기
DROP DATABASE IF EXISTS `information_schema`;

-- information_schema 데이터베이스 구조 내보내기
DROP DATABASE IF EXISTS `information_schema`;

-- information_schema 데이터베이스 구조 내보내기
DROP DATABASE IF EXISTS `information_schema`;

-- information_schema 데이터베이스 구조 내보내기
DROP DATABASE IF EXISTS `information_schema`;

-- information_schema 데이터베이스 구조 내보내기
DROP DATABASE IF EXISTS `information_schema`;

-- information_schema 데이터베이스 구조 내보내기
DROP DATABASE IF EXISTS `information_schema`;

-- information_schema 데이터베이스 구조 내보내기
DROP DATABASE IF EXISTS `information_schema`;

-- information_schema 데이터베이스 구조 내보내기
DROP DATABASE IF EXISTS `information_schema`;

-- information_schema 데이터베이스 구조 내보내기
DROP DATABASE IF EXISTS `information_schema`;

-- information_schema 데이터베이스 구조 내보내기
DROP DATABASE IF EXISTS `information_schema`;

-- information_schema 데이터베이스 구조 내보내기
DROP DATABASE IF EXISTS `information_schema`;

-- information_schema 데이터베이스 구조 내보내기
DROP DATABASE IF EXISTS `information_schema`;

-- information_schema 데이터베이스 구조 내보내기
DROP DATABASE IF EXISTS `information_schema`;

-- project_db 데이터베이스 구조 내보내기
DROP DATABASE IF EXISTS `project_db`;
CREATE DATABASE IF NOT EXISTS `project_db` /*!40100 DEFAULT CHARACTER SET utf8mb4 COLLATE utf8mb4_general_ci */;
USE `project_db`;

-- 테이블 project_db.board 구조 내보내기
DROP TABLE IF EXISTS `board`;
CREATE TABLE IF NOT EXISTS `board` (
  `num` int(11) NOT NULL AUTO_INCREMENT,
  `title` varchar(200) NOT NULL,
  `content` text NOT NULL,
  `id` varchar(30) NOT NULL,
  `postdate` datetime DEFAULT current_timestamp(),
  `visitcount` smallint(6) DEFAULT 0,
  `ofile` varchar(200) DEFAULT NULL,
  `nfile` varchar(200) DEFAULT NULL,
  `downcount` smallint(6) DEFAULT 0,
  `comment` text DEFAULT NULL,
  `boardkind` varchar(30) NOT NULL,
  PRIMARY KEY (`num`)
) ENGINE=InnoDB AUTO_INCREMENT=16 DEFAULT CHARSET=utf8mb4 COLLATE=utf8mb4_general_ci;

-- 테이블 데이터 project_db.board:~14 rows (대략적) 내보내기
DELETE FROM `board`;
/*!40000 ALTER TABLE `board` DISABLE KEYS */;
INSERT INTO `board` (`num`, `title`, `content`, `id`, `postdate`, `visitcount`, `ofile`, `nfile`, `downcount`, `comment`, `boardkind`) VALUES
	(1, '제목1입니다', '내용1입니다.', 'test1', '2022-12-23 13:43:29', 1, NULL, NULL, 0, NULL, 'notice'),
	(2, '1111', '1111', 'test1', '2022-12-23 17:38:37', 1, '1.png', '20221223_173837123.png', 0, NULL, 'notice'),
	(3, '22', '22', 'test1', '2022-12-23 17:41:09', 1, NULL, NULL, 0, NULL, 'review'),
	(5, '질문해', '해해', 'test1', '2022-12-23 19:45:46', 2, NULL, NULL, 0, NULL, 'qna'),
	(6, '진료후기', '후기휘;ㄱ', 'test1', '2022-12-23 19:47:22', 1, NULL, NULL, 0, NULL, 'review'),
	(7, '공지사항', '공지', 'test1', '2022-12-23 19:47:33', 1, NULL, NULL, 0, NULL, 'notice'),
	(8, '123', '123', 'test1', '2022-12-23 19:53:58', 2, NULL, NULL, 0, NULL, 'notice'),
	(9, '질문해볼게요', '질문 \r\n질문', 'test2', '2022-12-29 09:51:24', 2, NULL, NULL, 0, NULL, 'qna'),
	(10, '너무너무너무너무너무~~~~~~~~~~~~~~~~~친절해요', '친절 그자체', 'test2', '2022-12-29 09:55:20', 1, '철이1.jpg', '20221229_95520718.jpg', 0, NULL, 'review'),
	(11, '질문질문!!!!!!!!!!!!!!!!!!!!!!!!!!!!!!!!!!눈이 좋아지는 방법은 무엇인가요오오오?!?!!?!?', '사진은 귀여운 철', 'test2', '2022-12-29 09:56:10', 3, '철이6.jpg', '20221229_95610522.jpg', 0, NULL, 'qna'),
	(12, '2023년도 새해복 많이 받으세요~ 건강한 한해 되시길 기원합니다!', '2023년도가 얼마남지 않았네요..\r\n다들 새해복 많이 받으세요! :)\r\n', 'test1', '2022-12-29 10:06:13', 2, NULL, NULL, 0, NULL, 'notice'),
	(13, '노로바이러스 조심합시다!! 아파 뒈지는줄 알았어요ㅠㅠㅠㅠ엉엉엉엉', '다들 조심~', 'test3', '2022-12-29 10:09:38', 3, '철이2.jpg', '20221229_10938222.jpg', 0, NULL, 'review'),
	(14, '질문을 해볼까요!?', '히히 질문이 뭐가있지', 'test3', '2022-12-29 10:10:23', 3, NULL, NULL, 0, NULL, 'qna'),
	(15, 'ㅇㄱㅇㅁㄹ ', 'ㅁㄴㅇㄹ ㅁㄹㅇ', 'test1', '2022-12-29 11:34:59', 1, NULL, NULL, 0, NULL, 'notice');
/*!40000 ALTER TABLE `board` ENABLE KEYS */;

-- 테이블 project_db.member 구조 내보내기
DROP TABLE IF EXISTS `member`;
CREATE TABLE IF NOT EXISTS `member` (
  `id` varchar(30) NOT NULL,
  `pass` varchar(30) NOT NULL,
  `NAME` varchar(30) NOT NULL,
  `regidate` datetime DEFAULT current_timestamp(),
  `phone` varchar(50) NOT NULL,
  `email` varchar(200) NOT NULL,
  `manager` int(11) NOT NULL DEFAULT 0,
  PRIMARY KEY (`id`)
) ENGINE=InnoDB DEFAULT CHARSET=utf8mb4 COLLATE=utf8mb4_general_ci;

-- 테이블 데이터 project_db.member:~3 rows (대략적) 내보내기
DELETE FROM `member`;
/*!40000 ALTER TABLE `member` DISABLE KEYS */;
INSERT INTO `member` (`id`, `pass`, `NAME`, `regidate`, `phone`, `email`, `manager`) VALUES
	('test1', '1111', '테스트123', '2022-12-22 14:42:02', '010-1111-1111', 'abc@naver', 1),
	('test2', '2222', '테스트2', '2022-12-29 09:50:36', '010-2222-2222', '2222@naver', 0),
	('test3', '3333', '테스트3', '2022-12-23 12:21:52', '010-333-333', 'abcbf@naver.com', 0);
/*!40000 ALTER TABLE `member` ENABLE KEYS */;


-- sample_db 데이터베이스 구조 내보내기
DROP DATABASE IF EXISTS `sample_db`;
CREATE DATABASE IF NOT EXISTS `sample_db` /*!40100 DEFAULT CHARACTER SET utf8mb4 COLLATE utf8mb4_general_ci */;
USE `sample_db`;

-- 테이블 sample_db.board 구조 내보내기
DROP TABLE IF EXISTS `board`;
CREATE TABLE IF NOT EXISTS `board` (
  `num` int(11) NOT NULL AUTO_INCREMENT,
  `title` varchar(100) NOT NULL,
  `content` text NOT NULL,
  `id` varchar(30) NOT NULL,
  `postdate` datetime DEFAULT current_timestamp(),
  `visitcount` mediumint(9) NOT NULL DEFAULT 0,
  PRIMARY KEY (`num`),
  KEY `fk_board_member` (`id`),
  CONSTRAINT `fk_board_member` FOREIGN KEY (`id`) REFERENCES `member` (`id`)
) ENGINE=InnoDB AUTO_INCREMENT=109 DEFAULT CHARSET=utf8mb4 COLLATE=utf8mb4_general_ci;

-- 테이블 데이터 sample_db.board:~106 rows (대략적) 내보내기
DELETE FROM `board`;
/*!40000 ALTER TABLE `board` DISABLE KEYS */;
INSERT INTO `board` (`num`, `title`, `content`, `id`, `postdate`, `visitcount`) VALUES
	(1, '제목입니다1', '내용입니다1', 'korea', '2022-12-20 12:46:37', 0),
	(2, '제목입니다2', '내용입니다2', 'korea', '2022-12-20 12:47:05', 0),
	(3, '제목입니다3', '내용입니다3', 'korea', '2022-12-20 12:47:07', 1),
	(4, '제목입니다4', '내용입니다4', 'korea', '2022-12-20 12:47:09', 0),
	(5, '제목입니다5', '내용입니다5', 'korea', '2022-12-20 12:47:11', 3),
	(6, '마리아DB 작동 잘되나요? -수정', '잘되네요\r\n아까는 시퀀스가 문제였어요!\r\n수정완료', 'korea', '2022-12-20 15:54:50', 6),
	(8, '옆에분은 잘난 현-1', '아니 사실 못난 현', 'korea', '2022-12-20 16:45:18', 0),
	(9, '옆에분은 잘난 현-2', '아니 사실 못난 현', 'korea', '2022-12-20 16:45:18', 0),
	(10, '옆에분은 잘난 현-3', '아니 사실 못난 현', 'korea', '2022-12-20 16:45:18', 0),
	(11, '옆에분은 잘난 현-4', '아니 사실 못난 현', 'korea', '2022-12-20 16:45:18', 0),
	(12, '옆에분은 잘난 현-5', '아니 사실 못난 현', 'korea', '2022-12-20 16:45:18', 0),
	(13, '옆에분은 잘난 현-6', '아니 사실 못난 현', 'korea', '2022-12-20 16:45:18', 0),
	(14, '옆에분은 잘난 현-7', '아니 사실 못난 현', 'korea', '2022-12-20 16:45:18', 0),
	(15, '옆에분은 잘난 현-8', '아니 사실 못난 현', 'korea', '2022-12-20 16:45:18', 0),
	(16, '옆에분은 잘난 현-9', '아니 사실 못난 현', 'korea', '2022-12-20 16:45:18', 0),
	(17, '옆에분은 잘난 현-10', '아니 사실 못난 현', 'korea', '2022-12-20 16:45:18', 0),
	(18, '옆에분은 잘난 현-11', '아니 사실 못난 현', 'korea', '2022-12-20 16:45:18', 0),
	(19, '옆에분은 잘난 현-12', '아니 사실 못난 현', 'korea', '2022-12-20 16:45:18', 0),
	(20, '옆에분은 잘난 현-13', '아니 사실 못난 현', 'korea', '2022-12-20 16:45:18', 0),
	(21, '옆에분은 잘난 현-14', '아니 사실 못난 현', 'korea', '2022-12-20 16:45:18', 0),
	(22, '옆에분은 잘난 현-15', '아니 사실 못난 현', 'korea', '2022-12-20 16:45:18', 0),
	(23, '옆에분은 잘난 현-16', '아니 사실 못난 현', 'korea', '2022-12-20 16:45:18', 0),
	(24, '옆에분은 잘난 현-17', '아니 사실 못난 현', 'korea', '2022-12-20 16:45:18', 0),
	(25, '옆에분은 잘난 현-18', '아니 사실 못난 현', 'korea', '2022-12-20 16:45:18', 0),
	(26, '옆에분은 잘난 현-19', '아니 사실 못난 현', 'korea', '2022-12-20 16:45:18', 0),
	(27, '옆에분은 잘난 현-20', '아니 사실 못난 현', 'korea', '2022-12-20 16:45:18', 0),
	(28, '옆에분은 잘난 현-21', '아니 사실 못난 현', 'korea', '2022-12-20 16:45:18', 0),
	(29, '옆에분은 잘난 현-22', '아니 사실 못난 현', 'korea', '2022-12-20 16:45:18', 0),
	(30, '옆에분은 잘난 현-23', '아니 사실 못난 현', 'korea', '2022-12-20 16:45:18', 0),
	(31, '옆에분은 잘난 현-24', '아니 사실 못난 현', 'korea', '2022-12-20 16:45:18', 0),
	(32, '옆에분은 잘난 현-25', '아니 사실 못난 현', 'korea', '2022-12-20 16:45:18', 0),
	(33, '옆에분은 잘난 현-26', '아니 사실 못난 현', 'korea', '2022-12-20 16:45:18', 0),
	(34, '옆에분은 잘난 현-27', '아니 사실 못난 현', 'korea', '2022-12-20 16:45:18', 0),
	(35, '옆에분은 잘난 현-28', '아니 사실 못난 현', 'korea', '2022-12-20 16:45:18', 0),
	(36, '옆에분은 잘난 현-29', '아니 사실 못난 현', 'korea', '2022-12-20 16:45:18', 0),
	(37, '옆에분은 잘난 현-30', '아니 사실 못난 현', 'korea', '2022-12-20 16:45:18', 0),
	(38, '옆에분은 잘난 현-31', '아니 사실 못난 현', 'korea', '2022-12-20 16:45:18', 0),
	(39, '옆에분은 잘난 현-32', '아니 사실 못난 현', 'korea', '2022-12-20 16:45:18', 0),
	(40, '옆에분은 잘난 현-33', '아니 사실 못난 현', 'korea', '2022-12-20 16:45:18', 0),
	(41, '옆에분은 잘난 현-34', '아니 사실 못난 현', 'korea', '2022-12-20 16:45:18', 0),
	(42, '옆에분은 잘난 현-35', '아니 사실 못난 현', 'korea', '2022-12-20 16:45:18', 0),
	(43, '옆에분은 잘난 현-36', '아니 사실 못난 현', 'korea', '2022-12-20 16:45:18', 0),
	(44, '옆에분은 잘난 현-37', '아니 사실 못난 현', 'korea', '2022-12-20 16:45:18', 0),
	(45, '옆에분은 잘난 현-38', '아니 사실 못난 현', 'korea', '2022-12-20 16:45:18', 0),
	(46, '옆에분은 잘난 현-39', '아니 사실 못난 현', 'korea', '2022-12-20 16:45:18', 0),
	(47, '옆에분은 잘난 현-40', '아니 사실 못난 현', 'korea', '2022-12-20 16:45:18', 0),
	(48, '옆에분은 잘난 현-41', '아니 사실 못난 현', 'korea', '2022-12-20 16:45:18', 0),
	(49, '옆에분은 잘난 현-42', '아니 사실 못난 현', 'korea', '2022-12-20 16:45:18', 0),
	(50, '옆에분은 잘난 현-43', '아니 사실 못난 현', 'korea', '2022-12-20 16:45:18', 0),
	(51, '옆에분은 잘난 현-44', '아니 사실 못난 현', 'korea', '2022-12-20 16:45:18', 0),
	(52, '옆에분은 잘난 현-45', '아니 사실 못난 현', 'korea', '2022-12-20 16:45:18', 0),
	(53, '옆에분은 잘난 현-46', '아니 사실 못난 현', 'korea', '2022-12-20 16:45:18', 0),
	(54, '옆에분은 잘난 현-47', '아니 사실 못난 현', 'korea', '2022-12-20 16:45:18', 0),
	(55, '옆에분은 잘난 현-48', '아니 사실 못난 현', 'korea', '2022-12-20 16:45:18', 0),
	(56, '옆에분은 잘난 현-49', '아니 사실 못난 현', 'korea', '2022-12-20 16:45:18', 0),
	(57, '옆에분은 잘난 현-50', '아니 사실 못난 현', 'korea', '2022-12-20 16:45:18', 0),
	(58, '옆에분은 잘난 현-51', '아니 사실 못난 현', 'korea', '2022-12-20 16:45:18', 0),
	(59, '옆에분은 잘난 현-52', '아니 사실 못난 현', 'korea', '2022-12-20 16:45:18', 0),
	(60, '옆에분은 잘난 현-53', '아니 사실 못난 현', 'korea', '2022-12-20 16:45:18', 0),
	(61, '옆에분은 잘난 현-54', '아니 사실 못난 현', 'korea', '2022-12-20 16:45:18', 0),
	(62, '옆에분은 잘난 현-55', '아니 사실 못난 현', 'korea', '2022-12-20 16:45:18', 0),
	(63, '옆에분은 잘난 현-56', '아니 사실 못난 현', 'korea', '2022-12-20 16:45:18', 0),
	(64, '옆에분은 잘난 현-57', '아니 사실 못난 현', 'korea', '2022-12-20 16:45:18', 0),
	(65, '옆에분은 잘난 현-58', '아니 사실 못난 현', 'korea', '2022-12-20 16:45:18', 0),
	(66, '옆에분은 잘난 현-59', '아니 사실 못난 현', 'korea', '2022-12-20 16:45:18', 0),
	(67, '옆에분은 잘난 현-60', '아니 사실 못난 현', 'korea', '2022-12-20 16:45:18', 0),
	(68, '옆에분은 잘난 현-61', '아니 사실 못난 현', 'korea', '2022-12-20 16:45:18', 0),
	(69, '옆에분은 잘난 현-62', '아니 사실 못난 현', 'korea', '2022-12-20 16:45:18', 0),
	(70, '옆에분은 잘난 현-63', '아니 사실 못난 현', 'korea', '2022-12-20 16:45:18', 0),
	(71, '옆에분은 잘난 현-64', '아니 사실 못난 현', 'korea', '2022-12-20 16:45:18', 0),
	(72, '옆에분은 잘난 현-65', '아니 사실 못난 현', 'korea', '2022-12-20 16:45:18', 0),
	(73, '옆에분은 잘난 현-66', '아니 사실 못난 현', 'korea', '2022-12-20 16:45:18', 0),
	(74, '옆에분은 잘난 현-67', '아니 사실 못난 현', 'korea', '2022-12-20 16:45:18', 0),
	(75, '옆에분은 잘난 현-68', '아니 사실 못난 현', 'korea', '2022-12-20 16:45:18', 0),
	(76, '옆에분은 잘난 현-69', '아니 사실 못난 현', 'korea', '2022-12-20 16:45:18', 0),
	(77, '옆에분은 잘난 현-70', '아니 사실 못난 현', 'korea', '2022-12-20 16:45:18', 0),
	(78, '옆에분은 잘난 현-71', '아니 사실 못난 현', 'korea', '2022-12-20 16:45:18', 0),
	(79, '옆에분은 잘난 현-72', '아니 사실 못난 현', 'korea', '2022-12-20 16:45:18', 0),
	(80, '옆에분은 잘난 현-73', '아니 사실 못난 현', 'korea', '2022-12-20 16:45:18', 0),
	(81, '옆에분은 잘난 현-74', '아니 사실 못난 현', 'korea', '2022-12-20 16:45:18', 0),
	(82, '옆에분은 잘난 현-75', '아니 사실 못난 현', 'korea', '2022-12-20 16:45:18', 0),
	(83, '옆에분은 잘난 현-76', '아니 사실 못난 현', 'korea', '2022-12-20 16:45:18', 0),
	(84, '옆에분은 잘난 현-77', '아니 사실 못난 현', 'korea', '2022-12-20 16:45:18', 0),
	(85, '옆에분은 잘난 현-78', '아니 사실 못난 현', 'korea', '2022-12-20 16:45:18', 0),
	(86, '옆에분은 잘난 현-79', '아니 사실 못난 현', 'korea', '2022-12-20 16:45:18', 0),
	(87, '옆에분은 잘난 현-80', '아니 사실 못난 현', 'korea', '2022-12-20 16:45:18', 0),
	(88, '옆에분은 잘난 현-81', '아니 사실 못난 현', 'korea', '2022-12-20 16:45:18', 0),
	(89, '옆에분은 잘난 현-82', '아니 사실 못난 현', 'korea', '2022-12-20 16:45:18', 0),
	(90, '옆에분은 잘난 현-83', '아니 사실 못난 현', 'korea', '2022-12-20 16:45:18', 0),
	(91, '옆에분은 잘난 현-84', '아니 사실 못난 현', 'korea', '2022-12-20 16:45:18', 0),
	(92, '옆에분은 잘난 현-85', '아니 사실 못난 현', 'korea', '2022-12-20 16:45:18', 0),
	(93, '옆에분은 잘난 현-86', '아니 사실 못난 현', 'korea', '2022-12-20 16:45:18', 0),
	(94, '옆에분은 잘난 현-87', '아니 사실 못난 현', 'korea', '2022-12-20 16:45:18', 0),
	(95, '옆에분은 잘난 현-88', '아니 사실 못난 현', 'korea', '2022-12-20 16:45:18', 0),
	(96, '옆에분은 잘난 현-89', '아니 사실 못난 현', 'korea', '2022-12-20 16:45:18', 0),
	(97, '옆에분은 잘난 현-90', '아니 사실 못난 현', 'korea', '2022-12-20 16:45:18', 0),
	(98, '옆에분은 잘난 현-91', '아니 사실 못난 현', 'korea', '2022-12-20 16:45:18', 0),
	(99, '옆에분은 잘난 현-92', '아니 사실 못난 현', 'korea', '2022-12-20 16:45:18', 0),
	(100, '옆에분은 잘난 현-93', '아니 사실 못난 현', 'korea', '2022-12-20 16:45:18', 0),
	(101, '옆에분은 잘난 현-94', '아니 사실 못난 현', 'korea', '2022-12-20 16:45:18', 0),
	(102, '옆에분은 잘난 현-95', '아니 사실 못난 현', 'korea', '2022-12-20 16:45:18', 0),
	(103, '옆에분은 잘난 현-96', '아니 사실 못난 현', 'korea', '2022-12-20 16:45:18', 0),
	(104, '옆에분은 잘난 현-97', '아니 사실 못난 현', 'korea', '2022-12-20 16:45:18', 0),
	(105, '옆에분은 잘난 현-98', '아니 사실 못난 현', 'korea', '2022-12-20 16:45:18', 0),
	(106, '옆에분은 잘난 현-99', '아니 사실 못난 현', 'korea', '2022-12-20 16:45:18', 0),
	(107, '옆에분은 잘난 현-100', '아니 사실 못난 현', 'korea', '2022-12-20 16:45:18', 3);
/*!40000 ALTER TABLE `board` ENABLE KEYS */;

-- 테이블 sample_db.member 구조 내보내기
DROP TABLE IF EXISTS `member`;
CREATE TABLE IF NOT EXISTS `member` (
  `id` varchar(30) NOT NULL,
  `pass` varchar(30) NOT NULL,
  `NAME` varchar(30) NOT NULL,
  `regidate` datetime DEFAULT current_timestamp(),
  PRIMARY KEY (`id`)
) ENGINE=InnoDB DEFAULT CHARSET=utf8mb4 COLLATE=utf8mb4_general_ci;

-- 테이블 데이터 sample_db.member:~0 rows (대략적) 내보내기
DELETE FROM `member`;
/*!40000 ALTER TABLE `member` DISABLE KEYS */;
INSERT INTO `member` (`id`, `pass`, `NAME`, `regidate`) VALUES
	('korea', '1234', '대한민국', '2022-12-20 12:46:33');
/*!40000 ALTER TABLE `member` ENABLE KEYS */;

-- 테이블 sample_db.mvcboard 구조 내보내기
DROP TABLE IF EXISTS `mvcboard`;
CREATE TABLE IF NOT EXISTS `mvcboard` (
  `idx` int(11) NOT NULL AUTO_INCREMENT,
  `NAME` varchar(50) NOT NULL,
  `title` varchar(200) NOT NULL,
  `content` text NOT NULL,
  `postdate` datetime DEFAULT current_timestamp(),
  `ofile` varchar(200) DEFAULT NULL,
  `sfile` varchar(30) DEFAULT NULL,
  `downcount` smallint(6) NOT NULL DEFAULT 0,
  `pass` varchar(50) NOT NULL,
  `visitcount` smallint(6) NOT NULL DEFAULT 0,
  PRIMARY KEY (`idx`)
) ENGINE=InnoDB AUTO_INCREMENT=13 DEFAULT CHARSET=utf8mb4 COLLATE=utf8mb4_general_ci;

-- 테이블 데이터 sample_db.mvcboard:~9 rows (대략적) 내보내기
DELETE FROM `mvcboard`;
/*!40000 ALTER TABLE `mvcboard` DISABLE KEYS */;
INSERT INTO `mvcboard` (`idx`, `NAME`, `title`, `content`, `postdate`, `ofile`, `sfile`, `downcount`, `pass`, `visitcount`) VALUES
	(1, '김유신', '자료실 제목1 입니다.', '내용', '2022-12-20 16:55:02', NULL, NULL, 0, '1234', 0),
	(2, '장보고', '자료실 제목2 입니다.', '내용', '2022-12-20 16:55:05', NULL, NULL, 0, '1234', 0),
	(3, '이순신', '자료실 제목3 입니다.', '내용', '2022-12-20 16:55:07', NULL, NULL, 0, '1234', 0),
	(4, '강감찬', '자료실 제목4 입니다.', '내용', '2022-12-20 16:55:09', NULL, NULL, 0, '1234', 0),
	(5, '대조영', '자료실 제목5 입니다.', '내용', '2022-12-20 16:55:10', NULL, NULL, 0, '1234', 3),
	(7, '111', '111', '111', '2022-12-20 17:09:29', NULL, NULL, 0, '1111', 0),
	(8, '222', '222', '222', '2022-12-20 17:09:34', NULL, NULL, 0, '2222', 0),
	(9, '333', '333', '3333', '2022-12-20 17:09:40', NULL, NULL, 0, '3333', 0),
	(10, '444', '444', '444', '2022-12-20 17:09:46', NULL, NULL, 0, '4444', 0),
	(11, '555', '555', '555', '2022-12-20 17:09:50', NULL, NULL, 0, '5555', 0),
	(12, '666', '666', '666', '2022-12-20 17:09:59', NULL, NULL, 0, '6666', 0);
/*!40000 ALTER TABLE `mvcboard` ENABLE KEYS */;

-- 테이블 sample_db.tb_date 구조 내보내기
DROP TABLE IF EXISTS `tb_date`;
CREATE TABLE IF NOT EXISTS `tb_date` (
  `idx` int(11) NOT NULL AUTO_INCREMENT,
  `DATE1` date NOT NULL,
  `DATE2` datetime DEFAULT current_timestamp(),
  PRIMARY KEY (`idx`)
) ENGINE=InnoDB AUTO_INCREMENT=3 DEFAULT CHARSET=utf8mb4 COLLATE=utf8mb4_general_ci;

-- 테이블 데이터 sample_db.tb_date:~2 rows (대략적) 내보내기
DELETE FROM `tb_date`;
/*!40000 ALTER TABLE `tb_date` DISABLE KEYS */;
INSERT INTO `tb_date` (`idx`, `DATE1`, `DATE2`) VALUES
	(1, '2022-12-25', '2022-12-20 11:44:39'),
	(2, '2022-12-25', '2022-12-20 11:44:42');
/*!40000 ALTER TABLE `tb_date` ENABLE KEYS */;

-- 테이블 sample_db.tb_int 구조 내보내기
DROP TABLE IF EXISTS `tb_int`;
CREATE TABLE IF NOT EXISTS `tb_int` (
  `idx` int(11) NOT NULL AUTO_INCREMENT,
  `num1` tinyint(3) unsigned NOT NULL,
  `num2` smallint(6) NOT NULL,
  `num3` mediumint(9) DEFAULT 100,
  `num4` bigint(20) DEFAULT NULL,
  `fnum1` float(10,5) NOT NULL,
  `fnum2` double(20,10) DEFAULT NULL,
  PRIMARY KEY (`idx`)
) ENGINE=InnoDB AUTO_INCREMENT=100 DEFAULT CHARSET=utf8mb4 COLLATE=utf8mb4_general_ci;

-- 테이블 데이터 sample_db.tb_int:~2 rows (대략적) 내보내기
DELETE FROM `tb_int`;
/*!40000 ALTER TABLE `tb_int` DISABLE KEYS */;
INSERT INTO `tb_int` (`idx`, `num1`, `num2`, `num3`, `num4`, `fnum1`, `fnum2`) VALUES
	(1, 123, 12345, 1234567, 1234567890, 12345.12305, 1234567890.1234567000),
	(99, 123, 12345, 1234567, 1234567890, 12345.12305, 1234567890.1234567000);
/*!40000 ALTER TABLE `tb_int` ENABLE KEYS */;

-- 테이블 sample_db.tb_spec 구조 내보내기
DROP TABLE IF EXISTS `tb_spec`;
CREATE TABLE IF NOT EXISTS `tb_spec` (
  `idx` int(11) NOT NULL AUTO_INCREMENT,
  `spec1` enum('M','W','T') DEFAULT NULL,
  `spec2` set('A','B','C','D') DEFAULT NULL,
  PRIMARY KEY (`idx`)
) ENGINE=InnoDB AUTO_INCREMENT=3 DEFAULT CHARSET=utf8mb4 COLLATE=utf8mb4_general_ci;

-- 테이블 데이터 sample_db.tb_spec:~2 rows (대략적) 내보내기
DELETE FROM `tb_spec`;
/*!40000 ALTER TABLE `tb_spec` DISABLE KEYS */;
INSERT INTO `tb_spec` (`idx`, `spec1`, `spec2`) VALUES
	(1, 'W', 'A,B,C'),
	(2, NULL, 'C,D');
/*!40000 ALTER TABLE `tb_spec` ENABLE KEYS */;

-- 테이블 sample_db.tb_string 구조 내보내기
DROP TABLE IF EXISTS `tb_string`;
CREATE TABLE IF NOT EXISTS `tb_string` (
  `idx` int(11) NOT NULL AUTO_INCREMENT,
  `str1` varchar(30) NOT NULL,
  `str2` text DEFAULT NULL,
  PRIMARY KEY (`idx`)
) ENGINE=InnoDB AUTO_INCREMENT=2 DEFAULT CHARSET=utf8mb4 COLLATE=utf8mb4_general_ci;

-- 테이블 데이터 sample_db.tb_string:~0 rows (대략적) 내보내기
DELETE FROM `tb_string`;
/*!40000 ALTER TABLE `tb_string` DISABLE KEYS */;
INSERT INTO `tb_string` (`idx`, `str1`, `str2`) VALUES
	(1, '나는 짧은 글', '나는 엄청 긴글');
/*!40000 ALTER TABLE `tb_string` ENABLE KEYS */;

/*!40101 SET SQL_MODE=IFNULL(@OLD_SQL_MODE, '') */;
/*!40014 SET FOREIGN_KEY_CHECKS=IFNULL(@OLD_FOREIGN_KEY_CHECKS, 1) */;
/*!40101 SET CHARACTER_SET_CLIENT=@OLD_CHARACTER_SET_CLIENT */;
/*!40111 SET SQL_NOTES=IFNULL(@OLD_SQL_NOTES, 1) */;
